-- phpMyAdmin SQL Dump
-- version 5.0.4
-- https://www.phpmyadmin.net/
--
-- Host: localhost
-- Generation Time: Jan 16, 2021 at 07:27 AM
-- Server version: 8.0.22-0ubuntu0.20.04.3
-- PHP Version: 7.4.3

SET SQL_MODE = "NO_AUTO_VALUE_ON_ZERO";
START TRANSACTION;
SET time_zone = "+00:00";


/*!40101 SET @OLD_CHARACTER_SET_CLIENT=@@CHARACTER_SET_CLIENT */;
/*!40101 SET @OLD_CHARACTER_SET_RESULTS=@@CHARACTER_SET_RESULTS */;
/*!40101 SET @OLD_COLLATION_CONNECTION=@@COLLATION_CONNECTION */;
/*!40101 SET NAMES utf8mb4 */;

--
-- Database: `careerzen`
--

-- --------------------------------------------------------

--
-- Table structure for table `failed_jobs`
--

CREATE TABLE `failed_jobs` (
  `id` bigint UNSIGNED NOT NULL,
  `uuid` varchar(255) COLLATE utf8mb4_unicode_ci NOT NULL,
  `connection` text COLLATE utf8mb4_unicode_ci NOT NULL,
  `queue` text COLLATE utf8mb4_unicode_ci NOT NULL,
  `payload` longtext COLLATE utf8mb4_unicode_ci NOT NULL,
  `exception` longtext COLLATE utf8mb4_unicode_ci NOT NULL,
  `failed_at` timestamp NOT NULL DEFAULT CURRENT_TIMESTAMP
) ENGINE=InnoDB DEFAULT CHARSET=utf8mb4 COLLATE=utf8mb4_unicode_ci;

-- --------------------------------------------------------

--
-- Table structure for table `migrations`
--

CREATE TABLE `migrations` (
  `id` int UNSIGNED NOT NULL,
  `migration` varchar(255) COLLATE utf8mb4_unicode_ci NOT NULL,
  `batch` int NOT NULL
) ENGINE=InnoDB DEFAULT CHARSET=utf8mb4 COLLATE=utf8mb4_unicode_ci;

--
-- Dumping data for table `migrations`
--

INSERT INTO `migrations` (`id`, `migration`, `batch`) VALUES
(1, '2014_10_12_000000_create_users_table', 1),
(2, '2014_10_12_100000_create_password_resets_table', 1),
(3, '2019_08_19_000000_create_failed_jobs_table', 1),
(4, '2016_06_01_000001_create_oauth_auth_codes_table', 2),
(5, '2016_06_01_000002_create_oauth_access_tokens_table', 2),
(6, '2016_06_01_000003_create_oauth_refresh_tokens_table', 2),
(7, '2016_06_01_000004_create_oauth_clients_table', 2),
(8, '2016_06_01_000005_create_oauth_personal_access_clients_table', 2);

-- --------------------------------------------------------

--
-- Table structure for table `oauth_access_tokens`
--

CREATE TABLE `oauth_access_tokens` (
  `id` varchar(100) COLLATE utf8mb4_unicode_ci NOT NULL,
  `user_id` bigint UNSIGNED DEFAULT NULL,
  `client_id` bigint UNSIGNED NOT NULL,
  `name` varchar(255) COLLATE utf8mb4_unicode_ci DEFAULT NULL,
  `scopes` text COLLATE utf8mb4_unicode_ci,
  `revoked` tinyint(1) NOT NULL,
  `created_at` timestamp NULL DEFAULT NULL,
  `updated_at` timestamp NULL DEFAULT NULL,
  `expires_at` datetime DEFAULT NULL
) ENGINE=InnoDB DEFAULT CHARSET=utf8mb4 COLLATE=utf8mb4_unicode_ci;

--
-- Dumping data for table `oauth_access_tokens`
--

INSERT INTO `oauth_access_tokens` (`id`, `user_id`, `client_id`, `name`, `scopes`, `revoked`, `created_at`, `updated_at`, `expires_at`) VALUES
('01adda82613924b01644420f3a00976899fdc63868ebd3125c9dab59add4f038f3a57c67094a0e67', 32, 1, 'tash@tash.com-2021-01-15 13:43:15', '[]', 0, '2021-01-15 07:43:15', '2021-01-15 07:43:15', '2022-01-15 13:43:15'),
('01c4fa7bc852f84a34dc9d2a7f43bbb3553f15a070b16f8d8993bfdbdb9c285e5e10fc93e2eeb1bd', 32, 1, 'tash@tash.com-2021-01-15 02:20:28', '[]', 0, '2021-01-14 20:20:28', '2021-01-14 20:20:28', '2022-01-15 02:20:28'),
('0241bd4130f19a17ff66f9e4b6fd795d2a8f7a45dfa2a93b00aefc94f4b2c794b1595eba9859ee78', 32, 1, 'tash@tash.com-2021-01-15 14:15:29', '[]', 0, '2021-01-15 08:15:29', '2021-01-15 08:15:29', '2022-01-15 14:15:29'),
('02490e5d7e63b9443829456133e0e8e12279cc324e20d056bcaf0430cce0576325a8519d615d25ba', 32, 1, 'tash@tash.com-2021-01-16 03:10:27', '[]', 0, '2021-01-15 21:10:27', '2021-01-15 21:10:27', '2022-01-16 03:10:27'),
('04eac295013540edf9b08e57abb5bb804211d3c5f5fe4675a5d38ca4f26586b22b5a589fc9f185a8', 32, 1, 'tash@tash.com-2021-01-16 05:56:25', '[]', 0, '2021-01-15 23:56:25', '2021-01-15 23:56:25', '2022-01-16 05:56:25'),
('05a9d29328f9ff2512865961d851e050c72f20cb6d829c35951824541aaf2f29600e69fb1db6fad5', 32, 1, 'tash@tash.com-2021-01-14 23:55:43', '[]', 0, '2021-01-14 17:55:43', '2021-01-14 17:55:43', '2022-01-14 23:55:43'),
('06cc0f301f87ee48e8e9046fae3c56a980cf07daac838dfc1fd4fa859510533ebff5d38e9c444567', 28, 1, 'shahan.hasan101294@gmail.com-2021-01-14 05:54:49', '[]', 0, '2021-01-13 23:54:49', '2021-01-13 23:54:49', '2022-01-14 05:54:49'),
('0984d392d2a743bb8824dbe3d47a9211d650b96db0da2a2b6c159c4739362037cd1a0675ead7bcfe', 32, 1, 'tash@tash.com-2021-01-16 04:42:23', '[]', 0, '2021-01-15 22:42:23', '2021-01-15 22:42:23', '2022-01-16 04:42:23'),
('09a4675255aeab1d95df2e7fb31540aa571c659a778b50ece15626f559af6853252804b399f7610d', 32, 1, 'tash@tash.com-2021-01-16 00:26:44', '[]', 0, '2021-01-15 18:26:44', '2021-01-15 18:26:44', '2022-01-16 00:26:44'),
('09c8d57485382652a397805bcd13df740af596474fe0bb7bd09d1ea32c4881201a6df2e605ecfc0d', 1, 1, 'shahan.hasan@gmail.com-2021-01-13 20:55:12', '[]', 0, '2021-01-13 14:55:12', '2021-01-13 14:55:12', '2022-01-13 20:55:12'),
('0d53b4f798be38a55c6baf0af151a00941de164d316104665f7ab05ce3d30f292d065964aa45ed42', 32, 1, 'tash@tash.com-2021-01-15 00:08:45', '[]', 0, '2021-01-14 18:08:45', '2021-01-14 18:08:45', '2022-01-15 00:08:45'),
('0d73c9c401eb2e58a0cd7dc2fa0ab88c9dfd7764bfd849f231a4a04f2acfb626b9489a0684748a35', 32, 1, 'tash@tash.com-2021-01-15 13:47:50', '[]', 0, '2021-01-15 07:47:50', '2021-01-15 07:47:50', '2022-01-15 13:47:50'),
('0dbd7cf001a87681a776dd606eed693bec8d9a18180e233799652161154d1c7f3b85a76b19ee4795', 28, 1, 'shahan.hasan101294@gmail.com-2021-01-14 05:23:10', '[]', 0, '2021-01-13 23:23:10', '2021-01-13 23:23:10', '2022-01-14 05:23:10'),
('10472b4413019bd91ff151962c36c5eb305de036f5aece2bef6634b18bdcbb06699bd81f9ee33b91', 28, 1, 'shahan.hasan101294@gmail.com-2021-01-14 03:42:43', '[]', 0, '2021-01-13 21:42:43', '2021-01-13 21:42:43', '2022-01-14 03:42:43'),
('118d0ecbd128d06ae466db35fefe29335bc9c8dd750591e88456f71606df83e43b89825c21016dab', 29, 1, 'tashfiq@gmail.com-2021-01-14 12:13:03', '[]', 0, '2021-01-14 06:13:03', '2021-01-14 06:13:03', '2022-01-14 12:13:03'),
('124680d0db8a82219e554e5728a29151f1336a5c305c4b436a0cb2c4c1ce5411c146ce189224d707', 32, 1, 'tash@tash.com-2021-01-15 14:12:52', '[]', 0, '2021-01-15 08:12:52', '2021-01-15 08:12:52', '2022-01-15 14:12:52'),
('12dbccefea315a10156f06196587fcaa520c7f84929f2e62c438b7cc3a3d835dfb3d1e1f0b14ceda', 28, 1, 'shahan.hasan101294@gmail.com-2021-01-14 03:57:04', '[]', 0, '2021-01-13 21:57:04', '2021-01-13 21:57:04', '2022-01-14 03:57:04'),
('12dcc614314134e5ec08b5bc7a783f5c667098578b89400ff350e68303a80f647350f32c67c11b48', 32, 1, 'tash@tash.com-2021-01-16 02:31:23', '[]', 0, '2021-01-15 20:31:23', '2021-01-15 20:31:23', '2022-01-16 02:31:23'),
('1461a9fd67bf775b69dcb9f9a972de36306004e2e98a63a64280dc157ce37846f0c4d819ab6ffc4f', 32, 1, 'tash@tash.com-2021-01-15 07:58:01', '[]', 0, '2021-01-15 01:58:01', '2021-01-15 01:58:01', '2022-01-15 07:58:01'),
('15cb8d7c90c7986b4aa450de94d68679d90367d5c646ada5c76d415186b93034a8da35b0894e616e', 32, 1, 'tash@tash.com-2021-01-16 06:55:20', '[]', 0, '2021-01-16 00:55:20', '2021-01-16 00:55:20', '2022-01-16 06:55:20'),
('190f7e7c06f61e73a7d8aab0592791dbdf11006c4d1adb9b8b9ca5e631c154311a4b3e9089eccbc8', 32, 1, 'tash@tash.com-2021-01-15 07:18:18', '[]', 0, '2021-01-15 01:18:18', '2021-01-15 01:18:18', '2022-01-15 07:18:18'),
('1a359525a67f8cbdd3c1d8ef52289acc7846903bdd2f0b2bf6dfe61a5d97b07dcab4ff9c229f4dda', 32, 1, 'tash@tash.com-2021-01-15 03:29:33', '[]', 0, '2021-01-14 21:29:33', '2021-01-14 21:29:33', '2022-01-15 03:29:33'),
('1a8d0ea9ef000df6286338dba3d92ce4614c9b68064a0589d339972bc86f4d94b79c2222b0493d49', 32, 1, 'tash@tash.com-2021-01-16 04:38:00', '[]', 0, '2021-01-15 22:38:00', '2021-01-15 22:38:00', '2022-01-16 04:38:00'),
('1b11291fb6cc08081f4f17ab83c84414e5f0632cb9131087342bc400f22d37c5f03f2e801ecd9db5', 32, 1, 'tash@tash.com-2021-01-15 02:35:19', '[]', 0, '2021-01-14 20:35:19', '2021-01-14 20:35:19', '2022-01-15 02:35:19'),
('1c08ccc5c659e4ff67ad5c412da019865305fafadf2733ab16045b7c0639369772db2b1134cf0099', 32, 1, 'tash@tash.com-2021-01-14 23:54:40', '[]', 0, '2021-01-14 17:54:40', '2021-01-14 17:54:40', '2022-01-14 23:54:40'),
('1f08964de68d3657a12b3d4cdf8d04fc2f3aa0013193c637540915eeec4613427b111898caffc526', 32, 1, 'tash@tash.com-2021-01-16 02:33:08', '[]', 0, '2021-01-15 20:33:08', '2021-01-15 20:33:08', '2022-01-16 02:33:08'),
('1f5e746e4b9ceb8805114a2a08539b3d5d7afcba053a594b7b5a3255974d8bdaece9af60aef441cc', 30, 1, 'a.a@g.com-2021-01-14 12:22:13', '[]', 0, '2021-01-14 06:22:13', '2021-01-14 06:22:13', '2022-01-14 12:22:13'),
('2075dfb3319cdf8001dafa12486de1a3c0d19c99f0850c2b3c983cfd46c2476e2c6ab587bafc105c', 32, 1, 'tash@tash.com-2021-01-16 05:41:37', '[]', 0, '2021-01-15 23:41:37', '2021-01-15 23:41:37', '2022-01-16 05:41:37'),
('213879aa3d93db22ed06c33b371c718c0ac254ef2035edcff85417aceb2f182b1a50a2a60000fb4b', 32, 1, 'tash@tash.com-2021-01-15 05:58:02', '[]', 0, '2021-01-14 23:58:03', '2021-01-14 23:58:03', '2022-01-15 05:58:03'),
('21fa00af22f62342045f614cda3df4130f7c9f6f9e1f6f29357ea9db7e5b65b8b2966f768fd0b19b', 32, 1, 'tash@tash.com-2021-01-16 05:20:23', '[]', 0, '2021-01-15 23:20:23', '2021-01-15 23:20:23', '2022-01-16 05:20:23'),
('23c0a7d38412d2e0b6924ce28e3cfba79d8e94efd64e054ed22531b9997cd17c6521d7953f42a8cb', 32, 1, 'tash@tash.com-2021-01-15 00:37:52', '[]', 0, '2021-01-14 18:37:52', '2021-01-14 18:37:52', '2022-01-15 00:37:52'),
('24c267f53481dbc15b2dfecaa92fdcb2107659458272c5bfe77df6d51da2e24aeb2d2cee98a51518', 32, 1, 'tash@tash.com-2021-01-16 05:22:14', '[]', 0, '2021-01-15 23:22:14', '2021-01-15 23:22:14', '2022-01-16 05:22:14'),
('25c5456deb6a4a10d5621826c204c22d1b5093ed3420ab3b51df4162b989500936135312983650f2', 32, 1, 'tash@tash.com-2021-01-14 23:55:56', '[]', 0, '2021-01-14 17:55:56', '2021-01-14 17:55:56', '2022-01-14 23:55:56'),
('25ef4210702307956b9cb80847c03273d27413d91618b048e225f9a37c418af7d5e1ae8fa435dab3', 32, 1, 'tash@tash.com-2021-01-15 03:52:25', '[]', 0, '2021-01-14 21:52:25', '2021-01-14 21:52:25', '2022-01-15 03:52:25'),
('27b32dbcb335eedc7d93e7fb117768a197229053384d375d35e3b5e3308d23c450a145054d92f3f4', 32, 1, 'tash@tash.com-2021-01-15 14:00:11', '[]', 0, '2021-01-15 08:00:11', '2021-01-15 08:00:11', '2022-01-15 14:00:11'),
('27c1067158ea676439f5a9621ee48866ab1d905b0b1d4c38d55fbc4d709aab44bbba8c039e6b835a', 32, 1, 'tash@tash.com-2021-01-16 06:43:39', '[]', 0, '2021-01-16 00:43:39', '2021-01-16 00:43:39', '2022-01-16 06:43:39'),
('27edc5821b8a31e8a7b9e4a08423aba2db25ec1faf133a639cffb26d66d4e315c3b155bab56b0831', 32, 1, 'tash@tash.com-2021-01-16 05:48:14', '[]', 0, '2021-01-15 23:48:14', '2021-01-15 23:48:14', '2022-01-16 05:48:14'),
('2825fed54d14f8a6f3b62ff7a445f744e55bdf5d8e5ccd9f49b511ce44403e74637eb00cf0902bf2', 32, 1, 'tash@tash.com-2021-01-16 04:39:28', '[]', 0, '2021-01-15 22:39:28', '2021-01-15 22:39:28', '2022-01-16 04:39:28'),
('28792749130b2af06b85118d2278fb5cfcb2e79f5eb81745613e1096198f3e613eaf891047164226', 32, 1, 'tash@tash.com-2021-01-16 02:30:51', '[]', 0, '2021-01-15 20:30:51', '2021-01-15 20:30:51', '2022-01-16 02:30:51'),
('2a0d491558b8cc95ba92d9913710a417be160bbbb666fc027945ecfe30919e8dd1eb22b5d02aef06', 32, 1, 'tash@tash.com-2021-01-16 06:16:46', '[]', 0, '2021-01-16 00:16:46', '2021-01-16 00:16:46', '2022-01-16 06:16:46'),
('2bb2f32c10ef8bd31dfcd1683d77e93ccfb1425df15e6129f2846bde110f2241ba9f5739b71be910', 32, 1, 'tash@tash.com-2021-01-16 06:58:17', '[]', 0, '2021-01-16 00:58:17', '2021-01-16 00:58:17', '2022-01-16 06:58:17'),
('2d3815ed227e7984142f964cf0b34c3030d7efe9670a4dd6317b4347df252adf1a534a0cca658bb9', 32, 1, 'tash@tash.com-2021-01-15 00:54:56', '[]', 0, '2021-01-14 18:54:56', '2021-01-14 18:54:56', '2022-01-15 00:54:56'),
('2e6844f2df7ffb8b4fcb0a809bb70dfb0e1e85576b8b26b2e8d8163cd50394a1996e0f4e7fc743de', 28, 1, 'shahan.hasan101294@gmail.com-2021-01-14 03:43:58', '[]', 0, '2021-01-13 21:43:58', '2021-01-13 21:43:58', '2022-01-14 03:43:58'),
('2ff007d534c0704e6e91a95f516364f0fd4eb5ff33a39f1056f1e75621c8295c891c3bd5ef801257', 32, 1, 'tash@tash.com-2021-01-15 13:45:55', '[]', 0, '2021-01-15 07:45:55', '2021-01-15 07:45:55', '2022-01-15 13:45:55'),
('31191e64c50fad776948c08d593a654f102b9c2e99a7131f4a72710d8bb1abeb415be86b3b07a970', 32, 1, 'tash@tash.com-2021-01-15 03:42:38', '[]', 0, '2021-01-14 21:42:38', '2021-01-14 21:42:38', '2022-01-15 03:42:38'),
('35cb66b8c9bdd487b91f47ee394c166e3f01c29c302f99cd7aa0ec2f6197ce25e45ef0e9485e908b', 32, 1, 'tash@tash.com-2021-01-15 00:07:14', '[]', 0, '2021-01-14 18:07:14', '2021-01-14 18:07:14', '2022-01-15 00:07:14'),
('35e766f5ae5cafe47fee19e6edb110f4f200ce15aa08016eeef7a12cb2f2fb2ab583f03e47469c35', 32, 1, 'tash@tash.com-2021-01-16 06:31:00', '[]', 0, '2021-01-16 00:31:00', '2021-01-16 00:31:00', '2022-01-16 06:31:00'),
('35f2202c8d0f1b4aa3f383429d88561d761172f213ee7f3bf16b628888979c7b2f93834d23d59337', 32, 1, 'tash@tash.com-2021-01-16 05:32:59', '[]', 0, '2021-01-15 23:32:59', '2021-01-15 23:32:59', '2022-01-16 05:32:59'),
('360d95f68ee01bc0d520e81b2bc01eef9418e220af58e6626db487ddb3d8152b0ff84d5264ac3a42', 32, 1, 'tash@tash.com-2021-01-14 23:56:42', '[]', 0, '2021-01-14 17:56:42', '2021-01-14 17:56:42', '2022-01-14 23:56:42'),
('36eb92411215d9a3daafa3f7c1fc5b20e3030ee0d8ae282d75b0f93ce4ad861ea401367353097e2e', 31, 1, 'tash@g.com-2021-01-14 12:28:56', '[]', 0, '2021-01-14 06:28:56', '2021-01-14 06:28:56', '2022-01-14 12:28:56'),
('37dbc19052627f997b23c0e69f37d58ad2f14550c1fd0c2e148dc7bb5c4cebbb7f5f6709399df0ee', 32, 1, 'tash@tash.com-2021-01-16 05:57:21', '[]', 0, '2021-01-15 23:57:21', '2021-01-15 23:57:21', '2022-01-16 05:57:21'),
('39ccfd4b4f7362598b4e4c3ffbf33ba3a4ba6f530b85f14481b4d346b30b6e9e8a29361932a65a57', 32, 1, 'tash@tash.com-2021-01-14 20:52:47', '[]', 0, '2021-01-14 14:52:47', '2021-01-14 14:52:47', '2022-01-14 20:52:47'),
('3a4ff459cf7d5c7d446a91eb43453e8228527ac3aa00b690e59118983bc95f3967edd534490c1849', 32, 1, 'tash@tash.com-2021-01-14 23:10:30', '[]', 0, '2021-01-14 17:10:30', '2021-01-14 17:10:30', '2022-01-14 23:10:30'),
('3b52ca2aeb3bb230ebf6e520cb4fbb9c2405d5ba9dd4e752fe381c7d106f3c9b30103b707c57814c', 32, 1, 'tash@tash.com-2021-01-16 03:28:28', '[]', 0, '2021-01-15 21:28:28', '2021-01-15 21:28:28', '2022-01-16 03:28:28'),
('3bf2f969c4dfd45a921854d3d6294914742f04595112b12ed77ac7249328237731153c2adc6408f5', 9, 1, 'shahan.hasan.shahan@gmail.com-2021-01-13 22:11:07', '[]', 0, '2021-01-13 16:11:07', '2021-01-13 16:11:07', '2022-01-13 22:11:07'),
('3c5bcf923707dd2ff0d7ad3c7639754bee427941182750bdafe39bb4d8941798e638102cfc6f0956', 24, 1, 'himel@shahan.com-2021-01-14 02:29:15', '[]', 0, '2021-01-13 20:29:15', '2021-01-13 20:29:15', '2022-01-14 02:29:15'),
('3ce9a5255516802c6d1d53dff41bdf80ba8dec491ca76f0c2478486e5e51408e870db2619d025d62', 32, 1, 'tash@tash.com-2021-01-15 07:18:55', '[]', 0, '2021-01-15 01:18:55', '2021-01-15 01:18:55', '2022-01-15 07:18:55'),
('4107b591c1cf1bbe49bc67c622799d06825427132b54b6ec2710db327aec14107b278cfb92e73212', 15, 1, 'shahan.shahan@gmail.com-2021-01-13 23:26:15', '[]', 0, '2021-01-13 17:26:15', '2021-01-13 17:26:15', '2022-01-13 23:26:15'),
('435845e32dcb3eb94a33717f64588608b0bce5d6185fd69a4ffeac2be2763e5e7868faa89d3061a2', 32, 1, 'tash@tash.com-2021-01-15 03:17:04', '[]', 0, '2021-01-14 21:17:04', '2021-01-14 21:17:04', '2022-01-15 03:17:04'),
('46463c504bb897f75f160185737b1231d247e7de939f0bde4396eb801e3370942f98a982915b0823', 28, 1, 'shahan.hasan101294@gmail.com-2021-01-14 03:58:05', '[]', 0, '2021-01-13 21:58:05', '2021-01-13 21:58:05', '2022-01-14 03:58:05'),
('470949b71b8054310ce32cad3f1caa483c405bc685920eaf888be17caac3061eda4b6c20b9612e3e', 32, 1, 'tash@tash.com-2021-01-15 05:59:47', '[]', 0, '2021-01-14 23:59:47', '2021-01-14 23:59:47', '2022-01-15 05:59:47'),
('4736292b6f5b053511f9409a5bfe91a0f8fdfc76dd61904cae1a0c63271db9e28b912f78102d7061', 32, 1, 'tash@tash.com-2021-01-15 04:23:11', '[]', 0, '2021-01-14 22:23:11', '2021-01-14 22:23:11', '2022-01-15 04:23:11'),
('4741a25e981062d050c1f32e168693def51c5b06ee54481ac51c647e529c60b74e467c3d61bd7317', 28, 1, 'shahan.hasan101294@gmail.com-2021-01-14 05:23:28', '[]', 0, '2021-01-13 23:23:28', '2021-01-13 23:23:28', '2022-01-14 05:23:28'),
('4750fcd1f0ceccf14a9f09080be50124ba2c3b148547162dd6bad3b6e540b65f6f1da21e87cd4a46', 32, 1, 'tash@tash.com-2021-01-15 03:10:56', '[]', 0, '2021-01-14 21:10:56', '2021-01-14 21:10:56', '2022-01-15 03:10:56'),
('47b722d7baad6689053782ac1fbe3843ede6882030d8655d9ab1564eb54102c433b84a562253c8c1', 32, 1, 'tash@tash.com-2021-01-14 22:41:12', '[]', 0, '2021-01-14 16:41:12', '2021-01-14 16:41:12', '2022-01-14 22:41:12'),
('4df066097c9c08535641decdaed6153e2c564b948848d3200a71e3f8bc4ce7535f9159c4500cb94d', 14, 1, 'shahan.hasan101294@gmail.com-2021-01-13 22:53:06', '[]', 0, '2021-01-13 16:53:06', '2021-01-13 16:53:06', '2022-01-13 22:53:06'),
('4dfaf54769a5407c44d5ad2bd71b8433d35c1b5a60d1a73b85cf8e1c2c7e89a2d4433670e7ba4f65', 32, 1, 'tash@tash.com-2021-01-15 03:32:48', '[]', 0, '2021-01-14 21:32:48', '2021-01-14 21:32:48', '2022-01-15 03:32:48'),
('4e163ff1497018bc479356f000b9b59006e622543de7e649cfff0c65f68db628e27f2789378552d6', 32, 1, 'tash@tash.com-2021-01-14 22:40:48', '[]', 0, '2021-01-14 16:40:48', '2021-01-14 16:40:48', '2022-01-14 22:40:48'),
('4e4805390f671bd070758b958e38dc563c7dc3ef430d21d4f6f8ab7207582f3eb4d009a4d1ac116c', 32, 1, 'tash@tash.com-2021-01-15 03:14:25', '[]', 0, '2021-01-14 21:14:25', '2021-01-14 21:14:25', '2022-01-15 03:14:25'),
('4ee00fd9e9fa42bb109474fda6515d101848399c9c497d1d8c80b6f2d1c404e87aea278f44a39f4e', 32, 1, 'tash@tash.com-2021-01-16 05:18:53', '[]', 0, '2021-01-15 23:18:53', '2021-01-15 23:18:53', '2022-01-16 05:18:53'),
('4fc7fd3ee131825b6efa8800573a1c9d327cfa812bffc3312feafeeea4b0bda30e436ddf5442308f', 32, 1, 'tash@tash.com-2021-01-15 13:52:10', '[]', 0, '2021-01-15 07:52:10', '2021-01-15 07:52:10', '2022-01-15 13:52:10'),
('4fe9434438f8c90cb21b65a402c64e8d5b15648fa2edd1afdab4f40b8be9466a5bf92d77152debff', 26, 1, 'faiz@gmail.com-2021-01-14 02:33:38', '[]', 0, '2021-01-13 20:33:38', '2021-01-13 20:33:38', '2022-01-14 02:33:38'),
('53eb2b2a5b4d1e8e6b606dbb9e6ddfc31a5a0727d7d03242368db52035dcb32f3613bd08868c17eb', 32, 1, 'tash@tash.com-2021-01-16 04:25:02', '[]', 0, '2021-01-15 22:25:02', '2021-01-15 22:25:02', '2022-01-16 04:25:02'),
('54bd25921263a5ff7c96d11fe2fe98b29ea8e21fbdb26987d61a73af8fa70c83d89abdb8cc74a04f', 8, 1, 'shahan.hasan10129412@gmail.com-2021-01-13 21:53:55', '[]', 0, '2021-01-13 15:53:55', '2021-01-13 15:53:55', '2022-01-13 21:53:55'),
('55612cdae87c6b87a65d333d960a63da40bfffee64ba918ec109967967229562c3149009d2bd78a4', 32, 1, 'tash@tash.com-2021-01-15 07:54:22', '[]', 0, '2021-01-15 01:54:22', '2021-01-15 01:54:22', '2022-01-15 07:54:22'),
('5b7c75f9d7030c764d77ea2a43ec9398a9759c1da495e8d35ec92d2ba935446e7bff4c0081c238b5', 27, 1, 'shahan@gmail.com-2021-01-14 02:36:11', '[]', 0, '2021-01-13 20:36:11', '2021-01-13 20:36:11', '2022-01-14 02:36:11'),
('5e1487949933e9011f6fe4e5c078082372b9a98e75415d0ba21528251296a9486a0e37e0773fb69e', 32, 1, 'tash@tash.com-2021-01-15 03:52:02', '[]', 0, '2021-01-14 21:52:02', '2021-01-14 21:52:02', '2022-01-15 03:52:02'),
('5f0e907b138a8cdbd98ca45115d59ea019c96650085466d554a5b9032cda3861bdb811796f4b1269', 5, 1, 'shahan.hihi904@gmail.com-2021-01-13 21:08:12', '[]', 0, '2021-01-13 15:08:12', '2021-01-13 15:08:12', '2022-01-13 21:08:12'),
('5f94f0c89185d9a1f8ebca2caaaa88511dc71a229365742831666e378ae3d7a653a251f5eef84202', 32, 1, 'tash@tash.com-2021-01-14 21:32:40', '[]', 0, '2021-01-14 15:32:40', '2021-01-14 15:32:40', '2022-01-14 21:32:40'),
('61734d39dac0873fc3faebfe72104c954b804acead12f480b4f2995acc6008c838d002027fe6d817', 17, 1, 'shahan.hasan101294@gmail.com-2021-01-14 00:26:37', '[]', 0, '2021-01-13 18:26:37', '2021-01-13 18:26:37', '2022-01-14 00:26:37'),
('61e48dc1e9b1f87c0e36e81dad3f283823dcb4d91d81520532b7bdb6d8b52cbca4ed74b144123e61', 32, 1, 'tash@tash.com-2021-01-15 04:21:38', '[]', 0, '2021-01-14 22:21:38', '2021-01-14 22:21:38', '2022-01-15 04:21:38'),
('6522b6934a2539012042e18daeb3fa88461bfee0c6a019f8a4db022f253b4c5ceae6106071a0892e', 32, 1, 'tash@tash.com-2021-01-15 00:37:34', '[]', 0, '2021-01-14 18:37:34', '2021-01-14 18:37:34', '2022-01-15 00:37:34'),
('6586338c4d7939c1bf19a87e4643b65dac779d7101298f80b73e11f54c69bfb1f53680f81e3c8988', 32, 1, 'tash@tash.com-2021-01-15 07:40:29', '[]', 0, '2021-01-15 01:40:29', '2021-01-15 01:40:29', '2022-01-15 07:40:29'),
('66e30b741154f19bdcc35beca002b0a6a2855a9b5dc294d2548cc4cd51b986709f1e35e128706121', 32, 1, 'tash@tash.com-2021-01-14 21:34:54', '[]', 0, '2021-01-14 15:34:54', '2021-01-14 15:34:54', '2022-01-14 21:34:54'),
('680ba299dfc871ad4034c75f7b0fe630e0cfc65b2b9fcc62658ac67efd4d9fbb85f38d258f6b8ca0', 20, 1, 'shahan1234@gmail.com-2021-01-14 02:25:37', '[]', 0, '2021-01-13 20:25:37', '2021-01-13 20:25:37', '2022-01-14 02:25:37'),
('682ebf86c07a04f18d489e7d39a6ba3f952c7342285a7791a9d1e37203ce88260e2d3a6284aac465', 32, 1, 'tash@tash.com-2021-01-16 02:09:44', '[]', 0, '2021-01-15 20:09:45', '2021-01-15 20:09:45', '2022-01-16 02:09:45'),
('6862e694f411f956520756754ec75f5815fc5f9c4dacc8dccba223f5a4bdc5feaa856d6333717e2b', 32, 1, 'tash@tash.com-2021-01-15 13:52:48', '[]', 0, '2021-01-15 07:52:48', '2021-01-15 07:52:48', '2022-01-15 13:52:48'),
('69360fb52984cb3f557ea1c0d6ceb6c86f34cab6126492a6d94e1739e03a5b18bccce541ae5bf649', 32, 1, 'tash@tash.com-2021-01-14 23:50:24', '[]', 0, '2021-01-14 17:50:24', '2021-01-14 17:50:24', '2022-01-14 23:50:24'),
('69b66bd4c5ec06a6330ad0cbbfce59869f7f0fd18db529abda6e7902ceb9b3bfeb01c55e67013c70', 32, 1, 'tash@tash.com-2021-01-15 02:22:59', '[]', 0, '2021-01-14 20:22:59', '2021-01-14 20:22:59', '2022-01-15 02:22:59'),
('6df6a5cfa511bd9164e3ee5122dde070dcf1ca7642d535daf909147fb0f0ab5f42cfdfaf84669bf4', 28, 1, 'shahan.hasan101294@gmail.com-2021-01-14 05:53:54', '[]', 0, '2021-01-13 23:53:54', '2021-01-13 23:53:54', '2022-01-14 05:53:54'),
('6e5d08029e724c0f34a764f98a0d6a7a54dd860ad6803e74b4f92356939bc2ffec28f5d51ab3262d', 22, 1, 'himel@gmail.com-2021-01-14 02:27:26', '[]', 0, '2021-01-13 20:27:26', '2021-01-13 20:27:26', '2022-01-14 02:27:26'),
('6f3eec2fb74845955041b871eb20fb57c3d2624865289f24961772f4bc0116ffff9a3cade6befa25', 32, 1, 'tash@tash.com-2021-01-15 03:38:18', '[]', 0, '2021-01-14 21:38:18', '2021-01-14 21:38:18', '2022-01-15 03:38:18'),
('706d6465ffd4bf69606392c2fa976b9d757f1f9590d613140dabfc62d26fc8d978c66c17c4eb8771', 28, 1, 'shahan.hasan101294@gmail.com-2021-01-14 05:58:38', '[]', 0, '2021-01-13 23:58:38', '2021-01-13 23:58:38', '2022-01-14 05:58:38'),
('721a4ceb39dabeae19a568041f7a15d0693803d0e582516f3785de3f07b4db3b606da57f769b2f2f', 13, 1, 'shahan.hasan101294@gmail.com-2021-01-13 22:19:21', '[]', 0, '2021-01-13 16:19:21', '2021-01-13 16:19:21', '2022-01-13 22:19:21'),
('72604ed29759ad0a066208e9fab06cf3ab6d09d402a97b9be1216eb2a50a7cbceda0917036c4468d', 32, 1, 'tash@tash.com-2021-01-15 14:16:35', '[]', 0, '2021-01-15 08:16:35', '2021-01-15 08:16:35', '2022-01-15 14:16:35'),
('751e40bce995af08742278faa2156e2fc70ace466ad9a61187eec4a2132f479411186653d9ed07f9', 32, 1, 'tash@tash.com-2021-01-14 21:57:55', '[]', 0, '2021-01-14 15:57:55', '2021-01-14 15:57:55', '2022-01-14 21:57:55'),
('7573a88b0aa446ebd941317f2e145a515cc42613746833db45c9aa5ac4138d855ac947e2714d0f56', 32, 1, 'tash@tash.com-2021-01-15 03:44:03', '[]', 0, '2021-01-14 21:44:03', '2021-01-14 21:44:03', '2022-01-15 03:44:03'),
('75bc57569696dc46111fab335344745d339dfcb5553ffb1871911b62287928c804ce8491ff65d55f', 32, 1, 'tash@tash.com-2021-01-14 20:50:09', '[]', 0, '2021-01-14 14:50:09', '2021-01-14 14:50:09', '2022-01-14 20:50:09'),
('7684e0d407f65c83f13bdb33764995757a94f0d73f896ecb039e1f7680414175c0c0cdba5e361a01', 32, 1, 'tash@tash.com-2021-01-15 02:36:53', '[]', 0, '2021-01-14 20:36:53', '2021-01-14 20:36:53', '2022-01-15 02:36:53'),
('770c7dc7744a137785d98f371003a2ee47476129a38936a899080a0b10c9c25035dac087134c8ebe', 32, 1, 'tash@tash.com-2021-01-16 04:00:46', '[]', 0, '2021-01-15 22:00:46', '2021-01-15 22:00:46', '2022-01-16 04:00:46'),
('771f278ed2d4cc1a16248b1afa7675d1c051b11d07c503d07dd742177c41975a733bb454460f4c6b', 25, 1, 'alpo@gmail.com-2021-01-14 02:31:05', '[]', 0, '2021-01-13 20:31:05', '2021-01-13 20:31:05', '2022-01-14 02:31:05'),
('7741e423a74522722ffa034beb595da9122faf398877cae28cb1248b2e0bd3ebd44c744270e49b46', 32, 1, 'tash@tash.com-2021-01-15 07:30:59', '[]', 0, '2021-01-15 01:30:59', '2021-01-15 01:30:59', '2022-01-15 07:30:59'),
('7aee1034ac6353c1b3f001e40b2e853e9e51a4411e42b964ed643a7af83f9d867f158889719f2599', 32, 1, 'tash@tash.com-2021-01-15 03:43:47', '[]', 0, '2021-01-14 21:43:47', '2021-01-14 21:43:47', '2022-01-15 03:43:47'),
('7d16e6c7bddbf269583131559d8d7de88f4d8b70d243557707d3e3f8ff21584ccca806f2bdb98868', 21, 1, 'shahan12345@gmail.com-2021-01-14 02:26:51', '[]', 0, '2021-01-13 20:26:51', '2021-01-13 20:26:51', '2022-01-14 02:26:51'),
('7e0978ee009c1cac17b3039f825915578955ed14404ddeb7073007044f501f173c384c2908d6ac1d', 14, 1, 'shahan.hasan101294@gmail.com-2021-01-13 22:54:24', '[]', 0, '2021-01-13 16:54:24', '2021-01-13 16:54:24', '2022-01-13 22:54:24'),
('82054aa1e6bb6ece96bddcd1aa4bfde9fc32927772f7d3262046bf8932cb3ae5c1b985cdb18fd348', 32, 1, 'tash@tash.com-2021-01-14 12:45:02', '[]', 0, '2021-01-14 06:45:02', '2021-01-14 06:45:02', '2022-01-14 12:45:02'),
('831e7f6407098e3797440b9e21d3b65ad94f5599fe2a4be10643f9f2551e529df69720fa0c1f7954', 18, 1, 'shahan.hasan10129412@gmail.com-2021-01-14 02:09:46', '[]', 0, '2021-01-13 20:09:46', '2021-01-13 20:09:46', '2022-01-14 02:09:46'),
('83cfb1a8ed35971ca37ef45d9bc807701d33990828a5b766c089c46e3fd8d893ad08655735e0f070', 32, 1, 'tash@tash.com-2021-01-15 03:28:15', '[]', 0, '2021-01-14 21:28:15', '2021-01-14 21:28:15', '2022-01-15 03:28:15'),
('83e8bb0a0253c79c10739a9b9e26289b0f4af60f7873422c3334ea5888778b1ad61a6105602051a8', 32, 1, 'tash@tash.com-2021-01-16 06:55:42', '[]', 0, '2021-01-16 00:55:42', '2021-01-16 00:55:42', '2022-01-16 06:55:42'),
('842c47745ea9875f3c7862a8334a821ddbc8da77da872937dab3f162db9d2b53d04b483b23e99941', 32, 1, 'tash@tash.com-2021-01-15 08:44:40', '[]', 0, '2021-01-15 02:44:40', '2021-01-15 02:44:40', '2022-01-15 08:44:40'),
('84363d206465920e7153299df2d7633144dbe4e069b43d6160469be7ebeab92ac1be6907128264eb', 32, 1, 'tash@tash.com-2021-01-16 03:27:40', '[]', 0, '2021-01-15 21:27:40', '2021-01-15 21:27:40', '2022-01-16 03:27:40'),
('861f5bfb88e732e23e50ab702e038fb45cd125c512f5075a87c8974f776acf3567b72b4177da4adc', 32, 1, 'tash@tash.com-2021-01-16 03:45:20', '[]', 0, '2021-01-15 21:45:20', '2021-01-15 21:45:20', '2022-01-16 03:45:20'),
('89bfe7cdc2fda0ee59ab36405b9427ad7596cddacc757a875fed56fecd4c4f3b3e475ddbc831c99e', 32, 1, 'tash@tash.com-2021-01-15 14:02:13', '[]', 0, '2021-01-15 08:02:13', '2021-01-15 08:02:13', '2022-01-15 14:02:13'),
('89ec1270ba677077e94722c4583801bda9d73d9d85eef0db257d4dbab19dc1b4c255b3bcff9ca50d', 32, 1, 'tash@tash.com-2021-01-15 03:36:51', '[]', 0, '2021-01-14 21:36:51', '2021-01-14 21:36:51', '2022-01-15 03:36:51'),
('8a2d18dd542637c56916d4ca5d0ebb160db04e336c2d4ad230c00edd79915a9292990db261eff92b', 32, 1, 'tash@tash.com-2021-01-16 04:05:43', '[]', 0, '2021-01-15 22:05:43', '2021-01-15 22:05:43', '2022-01-16 04:05:43'),
('8a58c4faa8dac6b5efd94e3735f8a1d6fce643b7cc06450211bb8f2144f2e06b6fa03eb37357d813', 32, 1, 'tash@tash.com-2021-01-15 02:57:18', '[]', 0, '2021-01-14 20:57:18', '2021-01-14 20:57:18', '2022-01-15 02:57:18'),
('8a937bfd6230de669da0a4c7f3656213051206c94b814c80d5d7dd26d72e2c7c81fb8ea2b78d81ec', 32, 1, 'tash@tash.com-2021-01-15 00:13:56', '[]', 0, '2021-01-14 18:13:56', '2021-01-14 18:13:56', '2022-01-15 00:13:56'),
('8b948fbfd96b28223656bb4a0853b59dc55aeb93a9711c3a527048cd9a3342d4f7dec0d7f8b4a228', 32, 1, 'tash@tash.com-2021-01-16 06:31:16', '[]', 0, '2021-01-16 00:31:16', '2021-01-16 00:31:16', '2022-01-16 06:31:16'),
('8c43bf95fbd37c882dd96fda8ae8c00c29442db0f8947ec2bbb52314ff29fd19dd16fcd41c1bd61f', 32, 1, 'tash@tash.com-2021-01-15 08:32:06', '[]', 0, '2021-01-15 02:32:06', '2021-01-15 02:32:06', '2022-01-15 08:32:06'),
('8d9a5a636105ac75e0c9c4eb4f648983a48b1509c3faa1535fe36731c83d9964d133f6c1b123b4ea', 32, 1, 'tash@tash.com-2021-01-16 06:09:04', '[]', 0, '2021-01-16 00:09:04', '2021-01-16 00:09:04', '2022-01-16 06:09:04'),
('8d9af5db197040b8509bfbc45c3b8b4f452ea134292af84a1a3fdac740fc95204a1f2d6b0a5b64ff', 32, 1, 'tash@tash.com-2021-01-15 07:50:16', '[]', 0, '2021-01-15 01:50:16', '2021-01-15 01:50:16', '2022-01-15 07:50:16'),
('8e1c87a42fe38dbc288c9628f965f43e5faf18cdbd7019139b262f96d290b1018b14e98df2784f9c', 32, 1, 'tash@tash.com-2021-01-16 05:36:50', '[]', 0, '2021-01-15 23:36:50', '2021-01-15 23:36:50', '2022-01-16 05:36:50'),
('8ef007caadca1ea155578de2d4c3ce60574ac1f7e0a4673b0a4c1c9508b8dfbe5065581321bb9b25', 3, 1, 'shahan.hihi@gmail.com-2021-01-13 20:59:33', '[]', 0, '2021-01-13 14:59:33', '2021-01-13 14:59:33', '2022-01-13 20:59:33'),
('9073fa832c19b2e4d0ee66dba625150f6919859d7281166cf654d1a462245db63dc6f234223cf084', 32, 1, 'tash@tash.com-2021-01-15 08:18:03', '[]', 0, '2021-01-15 02:18:03', '2021-01-15 02:18:03', '2022-01-15 08:18:03'),
('90e4e3103b9f4a85eb4eed320164fee92a5430ab61ff1fb15e0c2da4791007b8c5f6fd21495961ca', 32, 1, 'tash@tash.com-2021-01-15 06:44:00', '[]', 0, '2021-01-15 00:44:00', '2021-01-15 00:44:00', '2022-01-15 06:44:00'),
('91276739fb6a44508d3d977e6eaa835b355dd1f5c87553d81ed2862dd1136f8a45b07e68fd83b9e1', 32, 1, 'tash@tash.com-2021-01-15 15:06:24', '[]', 0, '2021-01-15 09:06:24', '2021-01-15 09:06:24', '2022-01-15 15:06:24'),
('926233c179ab7b978c03ef8a40cf297bcdd61af340155529f35e31349918bc3386be0ff7afd7d2e4', 28, 1, 'shahan.hasan101294@gmail.com-2021-01-14 05:51:18', '[]', 0, '2021-01-13 23:51:18', '2021-01-13 23:51:18', '2022-01-14 05:51:18'),
('92e83f3d67fc0e0648322c4e57d4222e053e55209f819d8daf1ec54cc80367dd718ae227fa95ad98', 32, 1, 'tash@tash.com-2021-01-15 07:49:08', '[]', 0, '2021-01-15 01:49:08', '2021-01-15 01:49:08', '2022-01-15 07:49:08'),
('943934e25ce9fbcf51357eeebe78ba10e9f3a67da3056584c8730d0af63dd07be87c3b4240a34000', 32, 1, 'tash@tash.com-2021-01-15 02:59:06', '[]', 0, '2021-01-14 20:59:06', '2021-01-14 20:59:06', '2022-01-15 02:59:06'),
('956b2e57b31876feebfdbf555de7506b36dc7c170238321086b2984b9eb428f7e74d87ce28e7acae', 11, 1, 'shahan.hasanshahanhasan@gmail.com-2021-01-13 22:12:53', '[]', 0, '2021-01-13 16:12:53', '2021-01-13 16:12:53', '2022-01-13 22:12:53'),
('95a91a71a6ea1b11985623e081989c27516ed487a078ac69ba94ecc7b30e28dd038de4d889019fc3', 29, 1, 'tashfiq@gmail.com-2021-01-14 12:12:45', '[]', 0, '2021-01-14 06:12:45', '2021-01-14 06:12:45', '2022-01-14 12:12:45'),
('9605538738b6e6da326a526fa7e11e6d456c4cb0e158ff13257083487ae133c26921eb5002937907', 27, 1, 'shahan@gmail.com-2021-01-14 02:36:36', '[]', 0, '2021-01-13 20:36:36', '2021-01-13 20:36:36', '2022-01-14 02:36:36'),
('967bba4969be996ed655ac90d6b428adf0fcd1babba32dd2f1a1ba1430191389ccc630f6cfc68c94', 32, 1, 'tash@tash.com-2021-01-15 07:59:49', '[]', 0, '2021-01-15 01:59:49', '2021-01-15 01:59:49', '2022-01-15 07:59:49'),
('974e2772b184569e2ce1cb2038b65e7598416513bdcdc2eb1c8ed9046fedeff0e79ce00bfc2308aa', 32, 1, 'tash@tash.com-2021-01-14 23:10:50', '[]', 0, '2021-01-14 17:10:50', '2021-01-14 17:10:50', '2022-01-14 23:10:50'),
('9b5454e246d1efbf0cf45433c2f23d383bb110c4c92ad20fb15412c923b35c3aa50083f5c99f0b99', 10, 1, 'shahan.hasanshahan@gmail.com-2021-01-13 22:11:49', '[]', 0, '2021-01-13 16:11:49', '2021-01-13 16:11:49', '2022-01-13 22:11:49'),
('9d834e8eacfcb6bf3f178b6e0cd8ebc46479375febe79032b64cb6a05504b67f147525a569d59560', 32, 1, 'tash@tash.com-2021-01-15 02:54:59', '[]', 0, '2021-01-14 20:54:59', '2021-01-14 20:54:59', '2022-01-15 02:54:59'),
('9fa61fc3036d422196a311c3bcd39fba4e5f84b32079e717dcb7c73565ef42026fc41deabdf9a429', 32, 1, 'tash@tash.com-2021-01-16 04:02:22', '[]', 0, '2021-01-15 22:02:22', '2021-01-15 22:02:22', '2022-01-16 04:02:22'),
('9fc3629696d1566ea279cfed655601dd991e46c764565a275431b82c0bcb82e483ff5566b1b101c1', 32, 1, 'tash@tash.com-2021-01-14 23:59:55', '[]', 0, '2021-01-14 17:59:55', '2021-01-14 17:59:55', '2022-01-14 23:59:55'),
('a28464f36e5f8cde1630b46ee0442850e69e374c92c39e1d069a492819ef5345bd97540debf33535', 32, 1, 'tash@tash.com-2021-01-16 04:00:25', '[]', 0, '2021-01-15 22:00:25', '2021-01-15 22:00:25', '2022-01-16 04:00:25'),
('a5530aaf1bbfa1add13a9f1114e2820cc65322d29ab4e3eff7f4e915ec2d564bdf81ab2f2756c3d0', 32, 1, 'tash@tash.com-2021-01-15 05:52:58', '[]', 0, '2021-01-14 23:52:58', '2021-01-14 23:52:58', '2022-01-15 05:52:58'),
('a708f17ec0c94f327c031b1472f51957455281b3894b315bfdcbc3ca3f2d1f0a183df483dea59d1b', 32, 1, 'tash@tash.com-2021-01-16 06:05:29', '[]', 0, '2021-01-16 00:05:29', '2021-01-16 00:05:29', '2022-01-16 06:05:29'),
('a8b1ab7c3577571c3af77a2f350f4771f886c8b645a8f28e1b4f8119d5d0d8ff6e3981132b594af9', 32, 1, 'tash@tash.com-2021-01-16 02:14:49', '[]', 0, '2021-01-15 20:14:49', '2021-01-15 20:14:49', '2022-01-16 02:14:49'),
('a9a0b44da7cc46030f61f18690e68f09acdc32ba17bebf45a584f16a5688dd6ae8f2dd76e3e3971d', 32, 1, 'tash@tash.com-2021-01-16 03:06:10', '[]', 0, '2021-01-15 21:06:10', '2021-01-15 21:06:10', '2022-01-16 03:06:10'),
('a9cf7ed8ee3089f7345718a48ebea99ad70c0f618fdda4e245f3174e7a2e1e1089ce524053a2c58b', 32, 1, 'tash@tash.com-2021-01-15 03:58:28', '[]', 0, '2021-01-14 21:58:28', '2021-01-14 21:58:28', '2022-01-15 03:58:28'),
('ac0179203cfb2d4c5168ab398092b6e9304d897480a988e22918326f0cbea6f45e35dbca10213492', 32, 1, 'tash@tash.com-2021-01-14 23:56:24', '[]', 0, '2021-01-14 17:56:24', '2021-01-14 17:56:24', '2022-01-14 23:56:24'),
('ad72239c90a36e76265a2dbb0ffcb5cc01fb7aac75f792a9bd1b3bb9bfe522f7fdb5137593dbd8fb', 32, 1, 'tash@tash.com-2021-01-15 07:17:18', '[]', 0, '2021-01-15 01:17:18', '2021-01-15 01:17:18', '2022-01-15 07:17:18'),
('ae403c9a1330c999f87afa9a6e143966a50be3f9e832b736ac5174b2180bf01bced8c159ca288bfb', 32, 1, 'tash@tash.com-2021-01-15 15:06:28', '[]', 0, '2021-01-15 09:06:28', '2021-01-15 09:06:28', '2022-01-15 15:06:28'),
('b304eff00e90ee230398ca977f83105132c7f49b2b64a9f37ab4859d3763ef71e6f7b10a343758ba', 32, 1, 'tash@tash.com-2021-01-16 04:48:19', '[]', 0, '2021-01-15 22:48:19', '2021-01-15 22:48:19', '2022-01-16 04:48:19'),
('b390687cb5457497ed665ff681b9817f31d68a6824095c9af96ce3d203c675aedfc93d37db6d62f5', 32, 1, 'tash@tash.com-2021-01-15 08:05:19', '[]', 0, '2021-01-15 02:05:19', '2021-01-15 02:05:19', '2022-01-15 08:05:19'),
('b44d19432f68b3950e5b0b4edb7b915228351de8b90b9046cb39adc2b8074f2d6d940730778ae31b', 32, 1, 'tash@tash.com-2021-01-15 05:03:06', '[]', 0, '2021-01-14 23:03:06', '2021-01-14 23:03:06', '2022-01-15 05:03:06'),
('b4a505372ef357bdc445c54aeab6f579e80da97f0cf2c64786958b0e1095c4c399b83c420be22662', 28, 1, 'shahan.hasan101294@gmail.com-2021-01-14 05:52:48', '[]', 0, '2021-01-13 23:52:48', '2021-01-13 23:52:48', '2022-01-14 05:52:48'),
('b6b8d8a620d06ebf7dd35dc6faef71fcbc751eaf6db274890b3a3ca9776aabb1559835351e974d13', 32, 1, 'tash@tash.com-2021-01-15 03:46:16', '[]', 0, '2021-01-14 21:46:16', '2021-01-14 21:46:16', '2022-01-15 03:46:16'),
('ba05c8be3c9fd97ec7565d1f76ed4805698061d4df9005597e8a1714c022ce43751fdbad51b117b9', 14, 1, 'shahan.hasan101294@gmail.com-2021-01-13 23:51:47', '[]', 0, '2021-01-13 17:51:47', '2021-01-13 17:51:47', '2022-01-13 23:51:47'),
('bae44b4122420cbe5baa35143f5e4d957b8e89e3ad0bb792c24b5587aab0d311262263736e7375d0', 32, 1, 'tash@tash.com-2021-01-14 23:11:27', '[]', 0, '2021-01-14 17:11:27', '2021-01-14 17:11:27', '2022-01-14 23:11:27'),
('bcbf4ab1cb5bf689e277caa35395a8cd223a9845cda99354af223164e1c68abe88bbfc9a3b0df4ce', 14, 1, 'shahan.hasan101294@gmail.com-2021-01-13 23:51:18', '[]', 0, '2021-01-13 17:51:18', '2021-01-13 17:51:18', '2022-01-13 23:51:18'),
('bcd72279cfa79b17a85cce593c9c0a113797117052719b5f9c7f7c63b5d787811e6682f0aaa3d679', 32, 1, 'tash@tash.com-2021-01-15 03:26:52', '[]', 0, '2021-01-14 21:26:52', '2021-01-14 21:26:52', '2022-01-15 03:26:52'),
('bdddaee61aa9c01b0be32222bb6e3561bd8308352f662c24e84cd7023a28b4f6541650279c329eb1', 7, 1, 'shahanshahan@gmail.com-2021-01-13 21:33:09', '[]', 0, '2021-01-13 15:33:09', '2021-01-13 15:33:09', '2022-01-13 21:33:09'),
('bef2553b547828f7e6642ced27f7c5ded7df427d97044ed403d3fc857e9dd07983f301a5d56ba132', 32, 1, 'tash@tash.com-2021-01-15 07:39:07', '[]', 0, '2021-01-15 01:39:07', '2021-01-15 01:39:07', '2022-01-15 07:39:07'),
('befc2a7e1d6774e2ea8c26ce4fd8faae50d4a5ebc830823fc88bc006900031a85c63776d6fa21146', 32, 1, 'tash@tash.com-2021-01-15 07:19:03', '[]', 0, '2021-01-15 01:19:03', '2021-01-15 01:19:03', '2022-01-15 07:19:03'),
('c18f0448a86d5ced742b15619b14e25ab5cdbb932124fb67ff191430b108d0e9d48d10b04baf0737', 32, 1, 'tash@tash.com-2021-01-16 05:17:27', '[]', 0, '2021-01-15 23:17:27', '2021-01-15 23:17:27', '2022-01-16 05:17:27'),
('c217dbbc9ebe74486e0d2235ca9f4d70d1a75af8e0b2c6b50135dbaff1881d04b724300d4f425fa6', 32, 1, 'tash@tash.com-2021-01-15 08:04:44', '[]', 0, '2021-01-15 02:04:44', '2021-01-15 02:04:44', '2022-01-15 08:04:44'),
('c336d13c674f2773f0b9b94e0279e30fd894299475ed76f7457a1cb32fcfa4c2f389d37e4b115a4e', 14, 1, 'shahan.hasan101294@gmail.com-2021-01-13 22:51:12', '[]', 0, '2021-01-13 16:51:12', '2021-01-13 16:51:12', '2022-01-13 22:51:12'),
('c39ca57d5856f98379b3ba36c0c8da27fb5af47696bf8b157e75ea4b84cb53ec64c1c4096b4c9ada', 32, 1, 'tash@tash.com-2021-01-14 20:51:35', '[]', 0, '2021-01-14 14:51:35', '2021-01-14 14:51:35', '2022-01-14 20:51:35'),
('c45b81e6a132a3bf41afa648eac76141b4e7db13fedb05b5db6a3b0c883858cfc7b06aa3a341a616', 32, 1, 'tash@tash.com-2021-01-15 14:09:02', '[]', 0, '2021-01-15 08:09:02', '2021-01-15 08:09:02', '2022-01-15 14:09:02'),
('c4f83d80d0affd7359b2d3f7c7668c9f45da64d2fd70fb0ad9b1fb038dbef57746ac43888f56a618', 32, 1, 'tash@tash.com-2021-01-15 03:30:40', '[]', 0, '2021-01-14 21:30:40', '2021-01-14 21:30:40', '2022-01-15 03:30:40'),
('c5473125c5f13c19def50c93cbe244b4a576eca39cf280224d8b6e0fbd696b0ffbcce04469223b51', 32, 1, 'tash@tash.com-2021-01-15 00:17:19', '[]', 0, '2021-01-14 18:17:19', '2021-01-14 18:17:19', '2022-01-15 00:17:19'),
('c6e551c6d8f2fba03c73954b4febd067d97a923de677529a27a0892220ae77454c0029a1e0a14c62', 32, 1, 'tash@tash.com-2021-01-16 06:54:45', '[]', 0, '2021-01-16 00:54:45', '2021-01-16 00:54:45', '2022-01-16 06:54:45'),
('c7db6bef93cfad7bde01fac3096cc4f127da95c1ccb9a1eaa901b901a0c97acf4486c97aee06eb1b', 32, 1, 'tash@tash.com-2021-01-16 03:13:11', '[]', 0, '2021-01-15 21:13:11', '2021-01-15 21:13:11', '2022-01-16 03:13:11'),
('c90d3138bc897859a8cfe56bc9cd6aa1c63b54a337051159cd54973b5a6136c76915ceeca678fcdc', 32, 1, 'tash@tash.com-2021-01-16 02:13:10', '[]', 0, '2021-01-15 20:13:10', '2021-01-15 20:13:10', '2022-01-16 02:13:10'),
('c946506cf8ee546aebd99a024b1618a1933fb64741ce63f3b12ed71d4ebf69109929b4a867287fda', 23, 1, 'himel12341234@gmail.com-2021-01-14 02:27:53', '[]', 0, '2021-01-13 20:27:53', '2021-01-13 20:27:53', '2022-01-14 02:27:53'),
('ccf0878caafdbea6ecba7d776081e5878ade19686b737ffbabd67e62acddb0707c3bdd9a209d49ee', 32, 1, 'tash@tash.com-2021-01-15 03:32:13', '[]', 0, '2021-01-14 21:32:13', '2021-01-14 21:32:13', '2022-01-15 03:32:13'),
('cdd6ef40919bf4ad01f03fec8bfdd4e5c5f82b8a3fe1c1c0106499ac484be5174f88456ea86c9bdc', 32, 1, 'tash@tash.com-2021-01-15 00:00:37', '[]', 0, '2021-01-14 18:00:37', '2021-01-14 18:00:37', '2022-01-15 00:00:37'),
('cde1903a6a1f643e1f8599648cdd7629dec87ad0c87e0aa3502e19057df3dd651212f93b8ca8c730', 32, 1, 'tash@tash.com-2021-01-16 06:44:14', '[]', 0, '2021-01-16 00:44:14', '2021-01-16 00:44:14', '2022-01-16 06:44:14'),
('cf27f8d4f38253e7a5265618c91e137f9a92acff6d65a7489384fafedccfbef5d59b7b260869afc9', 2, 1, 'shahan.hi@gmail.com-2021-01-13 20:59:09', '[]', 0, '2021-01-13 14:59:09', '2021-01-13 14:59:09', '2022-01-13 20:59:09'),
('d168c9487cd87721d0a237a9b12b6488bcf4f173383eba0bd12b7bb3ed6042ffd64a132f0c4e23d2', 32, 1, 'tash@tash.com-2021-01-15 00:38:24', '[]', 0, '2021-01-14 18:38:24', '2021-01-14 18:38:24', '2022-01-15 00:38:24'),
('d2af96083b418cb756f81dde50ad9c2a28f49ce48b8caa9551429b6f066174c6530cb9683bd82a1c', 32, 1, 'tash@tash.com-2021-01-15 02:39:33', '[]', 0, '2021-01-14 20:39:33', '2021-01-14 20:39:33', '2022-01-15 02:39:33'),
('d3b945d10b7dc3e2929f5b4e018b1e9737a1a63429cc00c7c5e308722d511998f19a399b98a5a30b', 32, 1, 'tash@tash.com-2021-01-15 00:13:37', '[]', 0, '2021-01-14 18:13:37', '2021-01-14 18:13:37', '2022-01-15 00:13:37'),
('d63850fe0c224e11dd9a3c9ee6cbfb7dbc31daafd46ffb6ed26c3e3e7d4aef8b9e800f7c34fb2377', 32, 1, 'tash@tash.com-2021-01-15 07:25:14', '[]', 0, '2021-01-15 01:25:14', '2021-01-15 01:25:14', '2022-01-15 07:25:14'),
('d6bdd13ecb120bf9234929bbe4f3cf11ef558d223e44e492f917ebda3aebaf0ae4e0178ade74621c', 32, 1, 'tash@tash.com-2021-01-15 00:14:14', '[]', 0, '2021-01-14 18:14:14', '2021-01-14 18:14:14', '2022-01-15 00:14:14'),
('db289d84b93bb95b928f4020700693b6752f4d2d85f8543cfaeb8029200f01b2bed59a9c91e0b628', 32, 1, 'tash@tash.com-2021-01-14 22:57:31', '[]', 0, '2021-01-14 16:57:31', '2021-01-14 16:57:31', '2022-01-14 22:57:31'),
('dbded123868b1e807cd5a88d86aed73213a20402fd84989821e29e73a3debc85fddfd430ea6dde72', 32, 1, 'tash@tash.com-2021-01-16 06:04:16', '[]', 0, '2021-01-16 00:04:16', '2021-01-16 00:04:16', '2022-01-16 06:04:16'),
('dc4570744cb91b5c1a95f4794793ea5553a2c44f259f0a629eb0b43b05ad29b53334f5951355f30f', 28, 1, 'shahan.hasan101294@gmail.com-2021-01-14 05:22:16', '[]', 0, '2021-01-13 23:22:16', '2021-01-13 23:22:16', '2022-01-14 05:22:16'),
('dccf8a3d9faceeb87ab6dfb2918f41b6be6b91e32dc23fe43eede6434bb3139656c32d2f020faa54', 32, 1, 'tash@tash.com-2021-01-14 21:53:59', '[]', 0, '2021-01-14 15:53:59', '2021-01-14 15:53:59', '2022-01-14 21:53:59'),
('dda8c1667188adf5734a96ad9ac8898faa9099789ad778fc51a857c183f45af15c8e78868d2eaf5c', 32, 1, 'tash@tash.com-2021-01-15 07:57:02', '[]', 0, '2021-01-15 01:57:02', '2021-01-15 01:57:02', '2022-01-15 07:57:02'),
('ddfe88891527a0073482c6f1751e078c07437912ca5713a33fed766db0d58e71ffcc0721c5d7720c', 32, 1, 'tash@tash.com-2021-01-15 02:58:22', '[]', 0, '2021-01-14 20:58:22', '2021-01-14 20:58:22', '2022-01-15 02:58:22'),
('e508d9ae6acf9b8a6d94d2b20218a2c18020be1981fd5a3526c2b252f0ba1245b2cefd89c2a883b3', 32, 1, 'tash@tash.com-2021-01-15 07:17:06', '[]', 0, '2021-01-15 01:17:06', '2021-01-15 01:17:06', '2022-01-15 07:17:06'),
('e55d8e497bc8987f83c1b07f55cd6c71d436fa261e50df0a2a88effe4c65bfbcd8605f4c4c4f1784', 32, 1, 'tash@tash.com-2021-01-15 14:37:14', '[]', 0, '2021-01-15 08:37:14', '2021-01-15 08:37:14', '2022-01-15 14:37:14'),
('e5c17ec351c8da3bdfe9c87f9f2fa7fc30e3722385c65b118f7db9346dcf4b5298b58843b2fa20aa', 32, 1, 'tash@tash.com-2021-01-16 05:23:14', '[]', 0, '2021-01-15 23:23:14', '2021-01-15 23:23:14', '2022-01-16 05:23:14'),
('e80e536e215089d822c605cfc6a18aebcc97fd88eb3f7230627f029e30a64654ca9868347e1c6d51', 6, 1, 'shahan@gmail.com-2021-01-13 21:12:08', '[]', 0, '2021-01-13 15:12:08', '2021-01-13 15:12:08', '2022-01-13 21:12:08'),
('e8115a61a2685a98f54e4f2445cbb0b09d47d9f124af78bfdb63f81b290a1be43e5d48635710c5b8', 12, 1, 'shahan@gmail.com-2021-01-13 22:16:32', '[]', 0, '2021-01-13 16:16:32', '2021-01-13 16:16:32', '2022-01-13 22:16:32'),
('e92c014c9ce1fb51e743415184821a23337e43c678a3b89cab05248d50dee800b27b85f9925a56c0', 32, 1, 'tash@tash.com-2021-01-14 22:02:03', '[]', 0, '2021-01-14 16:02:03', '2021-01-14 16:02:03', '2022-01-14 22:02:03'),
('ea47705a4ee48b242537c69f628a91d23cb2e4749ac07a42835f891c2592c8ae1d3a786c6369f432', 32, 1, 'tash@tash.com-2021-01-15 08:03:13', '[]', 0, '2021-01-15 02:03:13', '2021-01-15 02:03:13', '2022-01-15 08:03:13'),
('ea6967a2c1b1fc97aa7db6c81ac7ae6cd608d02fd086c6ee4f6dc7e266b68c0502949f93c2e11614', 32, 1, 'tash@tash.com-2021-01-14 22:54:48', '[]', 0, '2021-01-14 16:54:48', '2021-01-14 16:54:48', '2022-01-14 22:54:48'),
('eaa6a45faee88b785ca7939b2b323c83cff1be0052e0180d02079c8e6b792be26cdfbe7639d6a0bf', 4, 1, 'shahan.hasan101294@gmail.com-2021-01-13 21:00:25', '[]', 0, '2021-01-13 15:00:25', '2021-01-13 15:00:25', '2022-01-13 21:00:25'),
('ec93b14ebd9d67fad542d6b350da00185fe3561ebee4364f842547750de4315b011cbe3ea0795c68', 32, 1, 'tash@tash.com-2021-01-16 05:32:12', '[]', 0, '2021-01-15 23:32:12', '2021-01-15 23:32:12', '2022-01-16 05:32:12'),
('ecacfb81da47cc5e42992f978f9f0674058e15d01b3ece3b11874c73e54629b7070d611def80ee11', 32, 1, 'tash@tash.com-2021-01-15 02:36:28', '[]', 0, '2021-01-14 20:36:28', '2021-01-14 20:36:28', '2022-01-15 02:36:28'),
('ed15c582c4ad5c4359d7618d9538e2e8a6bde2f3a68eedd49a9589360766629527bff839f2bd280d', 28, 1, 'shahan.hasan101294@gmail.com-2021-01-14 06:01:45', '[]', 0, '2021-01-14 00:01:45', '2021-01-14 00:01:45', '2022-01-14 06:01:45'),
('edbc64f916588c563b0d259b1e3d49041fc94d2fe932d6b91f4f4d79ea1cbaa475dbaa76c541a5de', 32, 1, 'tash@tash.com-2021-01-16 05:34:31', '[]', 0, '2021-01-15 23:34:31', '2021-01-15 23:34:31', '2022-01-16 05:34:31'),
('efbbec2eaaa0f4d81f1339c832fa97b7af53d4c3fd63b8a1a7c8699e749dca5c33d9f4741b9caf51', 32, 1, 'tash@tash.com-2021-01-16 06:26:29', '[]', 0, '2021-01-16 00:26:29', '2021-01-16 00:26:29', '2022-01-16 06:26:29'),
('f195f418a75de4c75a5c9cea2722637ae277d30e6cf73afcc89aab7f36586f470f6253dc87238197', 19, 1, 'shahan12@gmail.com-2021-01-14 02:11:14', '[]', 0, '2021-01-13 20:11:14', '2021-01-13 20:11:14', '2022-01-14 02:11:14'),
('f1dbdba51c0d32371ae8a4a06c3863aaff3360be39ff7d74bff3110a377c77fc5d0eb29e6d0641ad', 32, 1, 'tash@tash.com-2021-01-15 07:38:38', '[]', 0, '2021-01-15 01:38:38', '2021-01-15 01:38:38', '2022-01-15 07:38:38'),
('f292f25f7ad6e68cf28c50fc8359b627ff3c9a0c2c04c7bef2896c8d3b856d18ca8d9cdda0cce7b8', 32, 1, 'tash@tash.com-2021-01-15 02:54:46', '[]', 0, '2021-01-14 20:54:46', '2021-01-14 20:54:46', '2022-01-15 02:54:46'),
('f326e1d03dbf219389f7e588233534dfb756bb8ebd131f527fb641a590f4ad80614c62650e98e3c0', 32, 1, 'tash@tash.com-2021-01-15 08:06:56', '[]', 0, '2021-01-15 02:06:56', '2021-01-15 02:06:56', '2022-01-15 08:06:56'),
('f35d4bb35ba4109f7f0b54705954416962bc5d62e61c04d9944b47054c62fe8141ecfe6c088f7b09', 32, 1, 'tash@tash.com-2021-01-15 03:04:08', '[]', 0, '2021-01-14 21:04:08', '2021-01-14 21:04:08', '2022-01-15 03:04:08'),
('f385b88029ee7ea19d4cbea43704b9e7decbcc33f7669733c51deb7fb30cc56f0afe3b001b17fce2', 32, 1, 'tash@tash.com-2021-01-16 03:54:08', '[]', 0, '2021-01-15 21:54:08', '2021-01-15 21:54:08', '2022-01-16 03:54:08'),
('f3e6acfe3d5f8c2762b28f2760bed5439f996dc57151d15815c8fc490763fe6fb391f5a8d0ddd1bd', 15, 1, 'shahan.shahan@gmail.com-2021-01-13 23:27:55', '[]', 0, '2021-01-13 17:27:55', '2021-01-13 17:27:55', '2022-01-13 23:27:55'),
('f7775328177dd68dd7ecb02381f41f0cb4d9adb5c1ad7485a4d6985c84690cbc5a7621c8e91f90a0', 32, 1, 'tash@tash.com-2021-01-14 22:04:57', '[]', 0, '2021-01-14 16:04:57', '2021-01-14 16:04:57', '2022-01-14 22:04:57'),
('f9fae6eeebcb97c79c60aba7873ee4e73e87c5ca2b253b6fa1e4a8af669b998578cb9fa644e6d91e', 17, 1, 'shahan.hasan101294@gmail.com-2021-01-14 00:26:18', '[]', 0, '2021-01-13 18:26:18', '2021-01-13 18:26:18', '2022-01-14 00:26:18'),
('fb998d6aa7543242ae7d975ae564fa4eda4b6a65b120f82df767f4b1680e073c67ed5dee4c744b79', 32, 1, 'tash@tash.com-2021-01-15 03:33:36', '[]', 0, '2021-01-14 21:33:36', '2021-01-14 21:33:36', '2022-01-15 03:33:36'),
('fb9be842c4c7dcd438298b9f093e997ed635c2217b8959ef42d6811b063340dc93c5591c246dc368', 32, 1, 'tash@tash.com-2021-01-15 07:46:28', '[]', 0, '2021-01-15 01:46:28', '2021-01-15 01:46:28', '2022-01-15 07:46:28'),
('fc967a36e8fd439064f84ae646513e50ec749351d97081f02e22024ce86615994ea6a2d359ae61d7', 32, 1, 'tash@tash.com-2021-01-16 04:39:46', '[]', 0, '2021-01-15 22:39:46', '2021-01-15 22:39:46', '2022-01-16 04:39:46'),
('fd85cfe735595fe69ba897fda6d65c0c228f8de684ea32f81ad21eb7acfc511f5c5ca6f9ee097262', 32, 1, 'tash@tash.com-2021-01-15 07:42:41', '[]', 0, '2021-01-15 01:42:41', '2021-01-15 01:42:41', '2022-01-15 07:42:41'),
('fdcf395ee186905fc4c04895e1a2c01fee1404378d21f0c2392719e59b3a877fc3c79fc17d43ed1c', 27, 1, 'shahan@gmail.com-2021-01-14 03:05:20', '[]', 0, '2021-01-13 21:05:20', '2021-01-13 21:05:20', '2022-01-14 03:05:20'),
('ffcf7dd98bb7e507be2c77f907ab532c5173a8a7e43f4db4a65a8738d9d54194a6c2ea16b557711e', 16, 1, 'shahan.shahan12@gmail.com-2021-01-13 23:27:31', '[]', 0, '2021-01-13 17:27:31', '2021-01-13 17:27:31', '2022-01-13 23:27:31'),
('ffd36207928fab798c3de5b3f3d7115fb6ccb022b6165cc1de6e27b01bf9cd509bfd9262dcac6516', 32, 1, 'tash@tash.com-2021-01-15 04:02:58', '[]', 0, '2021-01-14 22:02:58', '2021-01-14 22:02:58', '2022-01-15 04:02:58');

-- --------------------------------------------------------

--
-- Table structure for table `oauth_auth_codes`
--

CREATE TABLE `oauth_auth_codes` (
  `id` varchar(100) COLLATE utf8mb4_unicode_ci NOT NULL,
  `user_id` bigint UNSIGNED NOT NULL,
  `client_id` bigint UNSIGNED NOT NULL,
  `scopes` text COLLATE utf8mb4_unicode_ci,
  `revoked` tinyint(1) NOT NULL,
  `expires_at` datetime DEFAULT NULL
) ENGINE=InnoDB DEFAULT CHARSET=utf8mb4 COLLATE=utf8mb4_unicode_ci;

-- --------------------------------------------------------

--
-- Table structure for table `oauth_clients`
--

CREATE TABLE `oauth_clients` (
  `id` bigint UNSIGNED NOT NULL,
  `user_id` bigint UNSIGNED DEFAULT NULL,
  `name` varchar(255) COLLATE utf8mb4_unicode_ci NOT NULL,
  `secret` varchar(100) COLLATE utf8mb4_unicode_ci DEFAULT NULL,
  `provider` varchar(255) COLLATE utf8mb4_unicode_ci DEFAULT NULL,
  `redirect` text COLLATE utf8mb4_unicode_ci NOT NULL,
  `personal_access_client` tinyint(1) NOT NULL,
  `password_client` tinyint(1) NOT NULL,
  `revoked` tinyint(1) NOT NULL,
  `created_at` timestamp NULL DEFAULT NULL,
  `updated_at` timestamp NULL DEFAULT NULL
) ENGINE=InnoDB DEFAULT CHARSET=utf8mb4 COLLATE=utf8mb4_unicode_ci;

--
-- Dumping data for table `oauth_clients`
--

INSERT INTO `oauth_clients` (`id`, `user_id`, `name`, `secret`, `provider`, `redirect`, `personal_access_client`, `password_client`, `revoked`, `created_at`, `updated_at`) VALUES
(1, NULL, 'CareerZen Personal Access Client', 'OU7ePu5xO5VimnxrWiCKBOkukuzBz7sVZBPj0SpE', NULL, 'http://localhost', 1, 0, 0, '2021-01-13 11:29:59', '2021-01-13 11:29:59'),
(2, NULL, 'CareerZen Password Grant Client', 'n177jhMgm9qdtu2RYqdfq3AxYuYzsa08m21YA7dh', 'users', 'http://localhost', 0, 1, 0, '2021-01-13 11:29:59', '2021-01-13 11:29:59');

-- --------------------------------------------------------

--
-- Table structure for table `oauth_personal_access_clients`
--

CREATE TABLE `oauth_personal_access_clients` (
  `id` bigint UNSIGNED NOT NULL,
  `client_id` bigint UNSIGNED NOT NULL,
  `created_at` timestamp NULL DEFAULT NULL,
  `updated_at` timestamp NULL DEFAULT NULL
) ENGINE=InnoDB DEFAULT CHARSET=utf8mb4 COLLATE=utf8mb4_unicode_ci;

--
-- Dumping data for table `oauth_personal_access_clients`
--

INSERT INTO `oauth_personal_access_clients` (`id`, `client_id`, `created_at`, `updated_at`) VALUES
(1, 1, '2021-01-13 11:29:59', '2021-01-13 11:29:59');

-- --------------------------------------------------------

--
-- Table structure for table `oauth_refresh_tokens`
--

CREATE TABLE `oauth_refresh_tokens` (
  `id` varchar(100) COLLATE utf8mb4_unicode_ci NOT NULL,
  `access_token_id` varchar(100) COLLATE utf8mb4_unicode_ci NOT NULL,
  `revoked` tinyint(1) NOT NULL,
  `expires_at` datetime DEFAULT NULL
) ENGINE=InnoDB DEFAULT CHARSET=utf8mb4 COLLATE=utf8mb4_unicode_ci;

-- --------------------------------------------------------

--
-- Table structure for table `password_resets`
--

CREATE TABLE `password_resets` (
  `email` varchar(255) COLLATE utf8mb4_unicode_ci NOT NULL,
  `token` varchar(255) COLLATE utf8mb4_unicode_ci NOT NULL,
  `created_at` timestamp NULL DEFAULT NULL
) ENGINE=InnoDB DEFAULT CHARSET=utf8mb4 COLLATE=utf8mb4_unicode_ci;

-- --------------------------------------------------------

--
-- Table structure for table `users`
--

CREATE TABLE `users` (
  `id` bigint UNSIGNED NOT NULL,
  `name` varchar(255) COLLATE utf8mb4_unicode_ci NOT NULL,
  `email` varchar(255) COLLATE utf8mb4_unicode_ci NOT NULL,
  `email_verified_at` timestamp NULL DEFAULT NULL,
  `password` varchar(255) COLLATE utf8mb4_unicode_ci NOT NULL,
  `remember_token` varchar(100) COLLATE utf8mb4_unicode_ci DEFAULT NULL,
  `created_at` timestamp NULL DEFAULT NULL,
  `updated_at` timestamp NULL DEFAULT NULL
) ENGINE=InnoDB DEFAULT CHARSET=utf8mb4 COLLATE=utf8mb4_unicode_ci;

--
-- Dumping data for table `users`
--

INSERT INTO `users` (`id`, `name`, `email`, `email_verified_at`, `password`, `remember_token`, `created_at`, `updated_at`) VALUES
(27, 'shahan', 'shahan@gmail.com', NULL, '$2y$10$GzXlXfS5k5HIxo.iMtLXYuN5IpdTYVm5VFZqOulNrWEIZE6BuLznO', NULL, '2021-01-13 20:36:11', '2021-01-13 20:36:11'),
(28, 'shahan', 'shahan.hasan101294@gmail.com', NULL, '$2y$10$1qhnWKdqYC9uaXG64F3r1ubg/PKlTHvhvOLkFrEOfcKlfKJywxpLq', NULL, '2021-01-13 21:42:43', '2021-01-13 21:42:43'),
(29, 'tash', 'tashfiq@gmail.com', NULL, '$2y$10$OUNBQ1NlzCNzGj8SJDF4C.TSEFW7dFVCWnvm0nO81p9K6UDoKjmTi', NULL, '2021-01-14 06:12:45', '2021-01-14 06:12:45'),
(30, 'asd', 'a.a@g.com', NULL, '$2y$10$IzvVQJwfSM.Twc0cKeGfh.c2Fi9nI2anhTJjpNPvFlWfBoE/wLGJm', NULL, '2021-01-14 06:22:13', '2021-01-14 06:22:13'),
(31, 'tash', 'tash@g.com', NULL, '$2y$10$lJFgyqmenNNAAE4xDJr17u/UQSDIRBqWNBh.HTpK3GNkQuFC2BPgi', NULL, '2021-01-14 06:28:56', '2021-01-14 06:28:56'),
(32, 'tash', 'tash@tash.com', NULL, '$2y$10$.qKlBJsEAyYdM9MBvG4Jo.0f.kJZSG6kvEiJKvydllINDo74ycGuK', NULL, '2021-01-14 06:45:02', '2021-01-14 06:45:02');

--
-- Indexes for dumped tables
--

--
-- Indexes for table `failed_jobs`
--
ALTER TABLE `failed_jobs`
  ADD PRIMARY KEY (`id`),
  ADD UNIQUE KEY `failed_jobs_uuid_unique` (`uuid`);

--
-- Indexes for table `migrations`
--
ALTER TABLE `migrations`
  ADD PRIMARY KEY (`id`);

--
-- Indexes for table `oauth_access_tokens`
--
ALTER TABLE `oauth_access_tokens`
  ADD PRIMARY KEY (`id`),
  ADD KEY `oauth_access_tokens_user_id_index` (`user_id`);

--
-- Indexes for table `oauth_auth_codes`
--
ALTER TABLE `oauth_auth_codes`
  ADD PRIMARY KEY (`id`),
  ADD KEY `oauth_auth_codes_user_id_index` (`user_id`);

--
-- Indexes for table `oauth_clients`
--
ALTER TABLE `oauth_clients`
  ADD PRIMARY KEY (`id`),
  ADD KEY `oauth_clients_user_id_index` (`user_id`);

--
-- Indexes for table `oauth_personal_access_clients`
--
ALTER TABLE `oauth_personal_access_clients`
  ADD PRIMARY KEY (`id`);

--
-- Indexes for table `oauth_refresh_tokens`
--
ALTER TABLE `oauth_refresh_tokens`
  ADD PRIMARY KEY (`id`),
  ADD KEY `oauth_refresh_tokens_access_token_id_index` (`access_token_id`);

--
-- Indexes for table `password_resets`
--
ALTER TABLE `password_resets`
  ADD KEY `password_resets_email_index` (`email`);

--
-- Indexes for table `users`
--
ALTER TABLE `users`
  ADD PRIMARY KEY (`id`),
  ADD UNIQUE KEY `users_email_unique` (`email`);

--
-- AUTO_INCREMENT for dumped tables
--

--
-- AUTO_INCREMENT for table `failed_jobs`
--
ALTER TABLE `failed_jobs`
  MODIFY `id` bigint UNSIGNED NOT NULL AUTO_INCREMENT;

--
-- AUTO_INCREMENT for table `migrations`
--
ALTER TABLE `migrations`
  MODIFY `id` int UNSIGNED NOT NULL AUTO_INCREMENT, AUTO_INCREMENT=9;

--
-- AUTO_INCREMENT for table `oauth_clients`
--
ALTER TABLE `oauth_clients`
  MODIFY `id` bigint UNSIGNED NOT NULL AUTO_INCREMENT, AUTO_INCREMENT=3;

--
-- AUTO_INCREMENT for table `oauth_personal_access_clients`
--
ALTER TABLE `oauth_personal_access_clients`
  MODIFY `id` bigint UNSIGNED NOT NULL AUTO_INCREMENT, AUTO_INCREMENT=2;

--
-- AUTO_INCREMENT for table `users`
--
ALTER TABLE `users`
  MODIFY `id` bigint UNSIGNED NOT NULL AUTO_INCREMENT, AUTO_INCREMENT=33;
COMMIT;

/*!40101 SET CHARACTER_SET_CLIENT=@OLD_CHARACTER_SET_CLIENT */;
/*!40101 SET CHARACTER_SET_RESULTS=@OLD_CHARACTER_SET_RESULTS */;
/*!40101 SET COLLATION_CONNECTION=@OLD_COLLATION_CONNECTION */;
